"date","period_label","model","model_label","p0","tau_label","phase","estimate","lower","upper"
1997-01-01,"1997-1999 comparison window","direct_regression","Direct regression",0.15,"tau = 0.15","fit",6.55403571546734,6.0046067056075,7.18641794797806
1997-02-01,"1997-1999 comparison window","direct_regression","Direct regression",0.15,"tau = 0.15","fit",5.36044076772647,5.0885089976637,5.63079604840478
1997-03-01,"1997-1999 comparison window","direct_regression","Direct regression",0.15,"tau = 0.15","fit",4.54694800530507,4.26860188432264,4.94321057314073
1997-04-01,"1997-1999 comparison window","direct_regression","Direct regression",0.15,"tau = 0.15","fit",4.07633761422731,3.61149458254498,4.45757012552352
1997-05-01,"1997-1999 comparison window","direct_regression","Direct regression",0.15,"tau = 0.15","fit",3.58004025014744,3.17582771987035,4.07425002162683
1997-06-01,"1997-1999 comparison window","direct_regression","Direct regression",0.15,"tau = 0.15","fit",3.24874527957065,2.84166287370517,3.66607575795017
1997-07-01,"1997-1999 comparison window","direct_regression","Direct regression",0.15,"tau = 0.15","fit",2.93774416614982,2.46850613910039,3.32612884736465
1997-08-01,"1997-1999 comparison window","direct_regression","Direct regression",0.15,"tau = 0.15","fit",2.81437699008789,2.44490337354604,3.12941885407671
1997-09-01,"1997-1999 comparison window","direct_regression","Direct regression",0.15,"tau = 0.15","fit",2.61446449733983,2.27275174387303,3.02287963986504
1997-10-01,"1997-1999 comparison window","direct_regression","Direct regression",0.15,"tau = 0.15","fit",2.7266361001422,2.45596968613044,2.97260861733987
1997-11-01,"1997-1999 comparison window","direct_regression","Direct regression",0.15,"tau = 0.15","fit",3.46687199912874,3.03673508136734,3.98324531805475
1997-12-01,"1997-1999 comparison window","direct_regression","Direct regression",0.15,"tau = 0.15","fit",4.39775237556388,4.09969967549149,4.68329840512834
1998-01-01,"1997-1999 comparison window","direct_regression","Direct regression",0.15,"tau = 0.15","fit",5.89642856258699,5.40898817018321,6.32312700740905
1998-02-01,"1997-1999 comparison window","direct_regression","Direct regression",0.15,"tau = 0.15","fit",6.9058550686427,6.31768626977563,7.607409792224
1998-03-01,"1997-1999 comparison window","direct_regression","Direct regression",0.15,"tau = 0.15","fit",5.52512684139552,5.10575498770024,5.92595226349459
1998-04-01,"1997-1999 comparison window","direct_regression","Direct regression",0.15,"tau = 0.15","fit",5.39202021706526,5.03606727313009,5.82717626521483
1998-05-01,"1997-1999 comparison window","direct_regression","Direct regression",0.15,"tau = 0.15","fit",4.99160572938978,4.45630006961789,5.54052838394361
1998-06-01,"1997-1999 comparison window","direct_regression","Direct regression",0.15,"tau = 0.15","fit",4.62582059448875,4.27047284556083,5.2477015440339
1998-07-01,"1997-1999 comparison window","direct_regression","Direct regression",0.15,"tau = 0.15","fit",3.99686924671753,3.49335662637163,4.52814588556763
1998-08-01,"1997-1999 comparison window","direct_regression","Direct regression",0.15,"tau = 0.15","fit",3.44129045833172,2.9482186074538,3.97843953913241
1998-09-01,"1997-1999 comparison window","direct_regression","Direct regression",0.15,"tau = 0.15","fit",3.22500477371742,2.79780972587353,3.58195438709107
1998-10-01,"1997-1999 comparison window","direct_regression","Direct regression",0.15,"tau = 0.15","fit",3.124879631001,2.90006213944524,3.43364807035241
1998-11-01,"1997-1999 comparison window","direct_regression","Direct regression",0.15,"tau = 0.15","fit",3.56955293322919,3.09858127877834,4.14011756750264
1998-12-01,"1997-1999 comparison window","direct_regression","Direct regression",0.15,"tau = 0.15","fit",3.85781920720251,3.4991603382237,4.27258859490367
1999-01-01,"1997-1999 comparison window","direct_regression","Direct regression",0.15,"tau = 0.15","fit",4.98776737331075,4.67580996859984,5.28970765197411
1999-02-01,"1997-1999 comparison window","direct_regression","Direct regression",0.15,"tau = 0.15","fit",5.86337770847462,5.44897457170155,6.26339326106266
1999-03-01,"1997-1999 comparison window","direct_regression","Direct regression",0.15,"tau = 0.15","fit",5.41308143193439,5.11191314530294,5.72340837166583
1999-04-01,"1997-1999 comparison window","direct_regression","Direct regression",0.15,"tau = 0.15","fit",5.05313147679441,4.62363828579769,5.44039803290544
1999-05-01,"1997-1999 comparison window","direct_regression","Direct regression",0.15,"tau = 0.15","fit",4.35305230566182,3.90138830052655,4.67805234800021
1999-06-01,"1997-1999 comparison window","direct_regression","Direct regression",0.15,"tau = 0.15","fit",3.69069443648765,3.36567324159492,4.0406922002834
1999-07-01,"1997-1999 comparison window","direct_regression","Direct regression",0.15,"tau = 0.15","fit",3.32817350800008,3.00110097141221,3.57128883959364
1999-08-01,"1997-1999 comparison window","direct_regression","Direct regression",0.15,"tau = 0.15","fit",3.23447656965376,2.8380404628213,3.65157336414624
1999-09-01,"1997-1999 comparison window","direct_regression","Direct regression",0.15,"tau = 0.15","fit",2.88942244602481,2.43813310085515,3.24369406524736
1999-10-01,"1997-1999 comparison window","direct_regression","Direct regression",0.15,"tau = 0.15","fit",2.80418567441545,2.43648446662799,3.07930227837991
1999-11-01,"1997-1999 comparison window","direct_regression","Direct regression",0.15,"tau = 0.15","fit",2.97531274398114,2.47507508300662,3.39358836351166
1999-12-01,"1997-1999 comparison window","direct_regression","Direct regression",0.15,"tau = 0.15","fit",3.20134446870568,2.87042454488251,3.40078766197083
1997-01-01,"1997-1999 comparison window","transfer_function","Transfer function",0.15,"tau = 0.15","fit",6.43568415167488,5.96870094649035,7.17032032903378
1997-02-01,"1997-1999 comparison window","transfer_function","Transfer function",0.15,"tau = 0.15","fit",5.44749572557664,5.16979476593707,5.81278754711688
1997-03-01,"1997-1999 comparison window","transfer_function","Transfer function",0.15,"tau = 0.15","fit",4.56694878383928,4.16642805913246,4.99547705577996
1997-04-01,"1997-1999 comparison window","transfer_function","Transfer function",0.15,"tau = 0.15","fit",4.00372820588755,3.67335487086751,4.395515284957
1997-05-01,"1997-1999 comparison window","transfer_function","Transfer function",0.15,"tau = 0.15","fit",3.61663987410675,3.21356888231863,4.12554288807992
1997-06-01,"1997-1999 comparison window","transfer_function","Transfer function",0.15,"tau = 0.15","fit",3.23747524861367,2.72298838199733,3.68385111530935
1997-07-01,"1997-1999 comparison window","transfer_function","Transfer function",0.15,"tau = 0.15","fit",2.96053980993954,2.58481076904217,3.22911998654958
1997-08-01,"1997-1999 comparison window","transfer_function","Transfer function",0.15,"tau = 0.15","fit",2.79255306949584,2.32213100669334,3.17417679102504
1997-09-01,"1997-1999 comparison window","transfer_function","Transfer function",0.15,"tau = 0.15","fit",2.60906563643927,2.34703039898001,2.92358304793323
1997-10-01,"1997-1999 comparison window","transfer_function","Transfer function",0.15,"tau = 0.15","fit",2.67293632534557,2.30843140946194,3.0047329831807
1997-11-01,"1997-1999 comparison window","transfer_function","Transfer function",0.15,"tau = 0.15","fit",3.56441721752241,3.10296830204934,4.05561835331715
1997-12-01,"1997-1999 comparison window","transfer_function","Transfer function",0.15,"tau = 0.15","fit",4.3620647320252,3.99849520406876,4.67767112522553
1998-01-01,"1997-1999 comparison window","transfer_function","Transfer function",0.15,"tau = 0.15","fit",5.87489031478095,5.5920724543388,6.22031984055258
1998-02-01,"1997-1999 comparison window","transfer_function","Transfer function",0.15,"tau = 0.15","fit",6.92832268963667,6.35862431060893,7.51544278912093
1998-03-01,"1997-1999 comparison window","transfer_function","Transfer function",0.15,"tau = 0.15","fit",5.63915531558928,5.17529190292683,6.22610782667036
1998-04-01,"1997-1999 comparison window","transfer_function","Transfer function",0.15,"tau = 0.15","fit",5.29635279559531,4.84354481195146,6.02973354742576
1998-05-01,"1997-1999 comparison window","transfer_function","Transfer function",0.15,"tau = 0.15","fit",4.90426732734208,4.33876259302914,5.33889356358279
1998-06-01,"1997-1999 comparison window","transfer_function","Transfer function",0.15,"tau = 0.15","fit",4.54227527559639,3.946009311643,5.19426385363256
1998-07-01,"1997-1999 comparison window","transfer_function","Transfer function",0.15,"tau = 0.15","fit",3.89246685002042,3.46343864964131,4.46458539404611
1998-08-01,"1997-1999 comparison window","transfer_function","Transfer function",0.15,"tau = 0.15","fit",3.45157907240562,3.04476076914838,3.88635547505214
1998-09-01,"1997-1999 comparison window","transfer_function","Transfer function",0.15,"tau = 0.15","fit",3.26086285441331,2.85153081650195,3.71043953871094
1998-10-01,"1997-1999 comparison window","transfer_function","Transfer function",0.15,"tau = 0.15","fit",3.11251937581572,2.64939680991744,3.73838658948881
1998-11-01,"1997-1999 comparison window","transfer_function","Transfer function",0.15,"tau = 0.15","fit",3.43541322176758,2.90685108307117,3.90603446114251
1998-12-01,"1997-1999 comparison window","transfer_function","Transfer function",0.15,"tau = 0.15","fit",3.85403684935604,3.52740813577719,4.106528079325
1999-01-01,"1997-1999 comparison window","transfer_function","Transfer function",0.15,"tau = 0.15","fit",4.97547915641605,4.66029993862155,5.29930341320609
1999-02-01,"1997-1999 comparison window","transfer_function","Transfer function",0.15,"tau = 0.15","fit",5.8251335249929,5.48467116100961,6.3903601181665
1999-03-01,"1997-1999 comparison window","transfer_function","Transfer function",0.15,"tau = 0.15","fit",5.45708772352637,5.09302216516683,5.83475057687503
1999-04-01,"1997-1999 comparison window","transfer_function","Transfer function",0.15,"tau = 0.15","fit",5.0873546672302,4.68921183629783,5.50386810559272
1999-05-01,"1997-1999 comparison window","transfer_function","Transfer function",0.15,"tau = 0.15","fit",4.22984037292853,3.83562924205213,4.6007556507833
1999-06-01,"1997-1999 comparison window","transfer_function","Transfer function",0.15,"tau = 0.15","fit",3.69827179046106,3.1885054469981,4.07401802857277
1999-07-01,"1997-1999 comparison window","transfer_function","Transfer function",0.15,"tau = 0.15","fit",3.39953255118117,2.93809469316065,3.77254693924602
1999-08-01,"1997-1999 comparison window","transfer_function","Transfer function",0.15,"tau = 0.15","fit",3.1120691965973,2.62941678043939,3.64839767917841
1999-09-01,"1997-1999 comparison window","transfer_function","Transfer function",0.15,"tau = 0.15","fit",2.86625749931537,2.28926610769725,3.26057279644103
1999-10-01,"1997-1999 comparison window","transfer_function","Transfer function",0.15,"tau = 0.15","fit",2.78926119952689,2.447434607636,3.30155213226582
1999-11-01,"1997-1999 comparison window","transfer_function","Transfer function",0.15,"tau = 0.15","fit",3.04175531413317,2.70700210556013,3.52188848978591
1999-12-01,"1997-1999 comparison window","transfer_function","Transfer function",0.15,"tau = 0.15","fit",3.18901774282941,2.8307813828231,3.53122331923309
1997-01-01,"1997-1999 comparison window","direct_regression","Direct regression",0.5,"tau = 0.50","fit",7.04715253446796,6.66395697139274,7.35748189139578
1997-02-01,"1997-1999 comparison window","direct_regression","Direct regression",0.5,"tau = 0.50","fit",5.59807636970752,5.20749405583865,5.93819972827832
1997-03-01,"1997-1999 comparison window","direct_regression","Direct regression",0.5,"tau = 0.50","fit",4.74567296714092,4.46406474033116,5.04472961704927
1997-04-01,"1997-1999 comparison window","direct_regression","Direct regression",0.5,"tau = 0.50","fit",4.23205142979427,3.98774985159087,4.50363325524469
1997-05-01,"1997-1999 comparison window","direct_regression","Direct regression",0.5,"tau = 0.50","fit",3.79287320586151,3.5392954708635,4.11664472727782
1997-06-01,"1997-1999 comparison window","direct_regression","Direct regression",0.5,"tau = 0.50","fit",3.56322280847424,3.24391475561023,3.8235263492186
1997-07-01,"1997-1999 comparison window","direct_regression","Direct regression",0.5,"tau = 0.50","fit",3.22188942337852,2.99395532352632,3.50022982629889
1997-08-01,"1997-1999 comparison window","direct_regression","Direct regression",0.5,"tau = 0.50","fit",2.98528899993551,2.66855960718482,3.27484178126914
1997-09-01,"1997-1999 comparison window","direct_regression","Direct regression",0.5,"tau = 0.50","fit",2.81181914634493,2.53182592252988,3.14122686325954
1997-10-01,"1997-1999 comparison window","direct_regression","Direct regression",0.5,"tau = 0.50","fit",2.90693966365613,2.58104518927124,3.1932852063906
1997-11-01,"1997-1999 comparison window","direct_regression","Direct regression",0.5,"tau = 0.50","fit",4.02742348598671,3.68031358834798,4.40437500418723
1997-12-01,"1997-1999 comparison window","direct_regression","Direct regression",0.5,"tau = 0.50","fit",4.52510390205366,4.20436488270782,4.82413726422652
1998-01-01,"1997-1999 comparison window","direct_regression","Direct regression",0.5,"tau = 0.50","fit",6.17699636782615,5.9367055139533,6.47590434783964
1998-02-01,"1997-1999 comparison window","direct_regression","Direct regression",0.5,"tau = 0.50","fit",7.43514125240683,6.9433724262612,7.79284700354019
1998-03-01,"1997-1999 comparison window","direct_regression","Direct regression",0.5,"tau = 0.50","fit",5.88919436853731,5.5283059666314,6.23422163982511
1998-04-01,"1997-1999 comparison window","direct_regression","Direct regression",0.5,"tau = 0.50","fit",5.59417727726085,5.33579988864832,5.96600847989666
1998-05-01,"1997-1999 comparison window","direct_regression","Direct regression",0.5,"tau = 0.50","fit",5.16824242335053,4.74888689662136,5.4076874325077
1998-06-01,"1997-1999 comparison window","direct_regression","Direct regression",0.5,"tau = 0.50","fit",4.8397588250399,4.53049308448058,5.06073965295107
1998-07-01,"1997-1999 comparison window","direct_regression","Direct regression",0.5,"tau = 0.50","fit",4.21690030342433,3.94073311259884,4.4498120182663
1998-08-01,"1997-1999 comparison window","direct_regression","Direct regression",0.5,"tau = 0.50","fit",3.73913551155599,3.34157929669915,4.01773230849691
1998-09-01,"1997-1999 comparison window","direct_regression","Direct regression",0.5,"tau = 0.50","fit",3.42190908142555,3.06863428059623,3.81478161098411
1998-10-01,"1997-1999 comparison window","direct_regression","Direct regression",0.5,"tau = 0.50","fit",3.33636618210633,3.1046202222459,3.61781462363637
1998-11-01,"1997-1999 comparison window","direct_regression","Direct regression",0.5,"tau = 0.50","fit",3.91437038745652,3.57732303838546,4.33540231645822
1998-12-01,"1997-1999 comparison window","direct_regression","Direct regression",0.5,"tau = 0.50","fit",4.04316918240378,3.82734201861277,4.39559884152254
1999-01-01,"1997-1999 comparison window","direct_regression","Direct regression",0.5,"tau = 0.50","fit",5.18405101842525,4.93213840378361,5.52266345678357
1999-02-01,"1997-1999 comparison window","direct_regression","Direct regression",0.5,"tau = 0.50","fit",6.0882476837024,5.84827482539402,6.30145560944232
1999-03-01,"1997-1999 comparison window","direct_regression","Direct regression",0.5,"tau = 0.50","fit",5.55357933176269,5.22341730988428,5.88854466143771
1999-04-01,"1997-1999 comparison window","direct_regression","Direct regression",0.5,"tau = 0.50","fit",5.35640320885446,4.9987057571053,5.70994933053849
1999-05-01,"1997-1999 comparison window","direct_regression","Direct regression",0.5,"tau = 0.50","fit",4.49830618065102,4.17713438522703,4.87926444835798
1999-06-01,"1997-1999 comparison window","direct_regression","Direct regression",0.5,"tau = 0.50","fit",3.98502377126158,3.73767784413425,4.24758518637643
1999-07-01,"1997-1999 comparison window","direct_regression","Direct regression",0.5,"tau = 0.50","fit",3.56812719793956,3.28641557815965,3.85606990612604
1999-08-01,"1997-1999 comparison window","direct_regression","Direct regression",0.5,"tau = 0.50","fit",3.30825850554937,2.96171633297419,3.58907326579262
1999-09-01,"1997-1999 comparison window","direct_regression","Direct regression",0.5,"tau = 0.50","fit",3.10578910304239,2.79862849893101,3.4038306097399
1999-10-01,"1997-1999 comparison window","direct_regression","Direct regression",0.5,"tau = 0.50","fit",3.02906895866146,2.77520161619608,3.3072169546162
1999-11-01,"1997-1999 comparison window","direct_regression","Direct regression",0.5,"tau = 0.50","fit",3.44214574028951,3.06401922437124,3.91296175538461
1999-12-01,"1997-1999 comparison window","direct_regression","Direct regression",0.5,"tau = 0.50","fit",3.45709971469193,3.08932158816434,3.83256658007773
1997-01-01,"1997-1999 comparison window","transfer_function","Transfer function",0.5,"tau = 0.50","fit",7.02779206396629,6.6306212168396,7.31761931376956
1997-02-01,"1997-1999 comparison window","transfer_function","Transfer function",0.5,"tau = 0.50","fit",5.60826947453807,5.32136699522316,5.91817289188435
1997-03-01,"1997-1999 comparison window","transfer_function","Transfer function",0.5,"tau = 0.50","fit",4.75991142880819,4.29679749252636,5.0601282554834
1997-04-01,"1997-1999 comparison window","transfer_function","Transfer function",0.5,"tau = 0.50","fit",4.22194899475351,3.86805473889441,4.64854856898742
1997-05-01,"1997-1999 comparison window","transfer_function","Transfer function",0.5,"tau = 0.50","fit",3.84778576823149,3.50981740067253,4.19515488261669
1997-06-01,"1997-1999 comparison window","transfer_function","Transfer function",0.5,"tau = 0.50","fit",3.49383172549254,3.17970834259803,3.83289671135182
1997-07-01,"1997-1999 comparison window","transfer_function","Transfer function",0.5,"tau = 0.50","fit",3.17553886640583,2.91637407580004,3.45814931323711
1997-08-01,"1997-1999 comparison window","transfer_function","Transfer function",0.5,"tau = 0.50","fit",3.03331106595646,2.81106875735409,3.30801579225616
1997-09-01,"1997-1999 comparison window","transfer_function","Transfer function",0.5,"tau = 0.50","fit",2.84864235793856,2.58814270504212,3.13480021203599
1997-10-01,"1997-1999 comparison window","transfer_function","Transfer function",0.5,"tau = 0.50","fit",2.92733245364311,2.68526829883889,3.2427374470531
1997-11-01,"1997-1999 comparison window","transfer_function","Transfer function",0.5,"tau = 0.50","fit",3.99804635929856,3.64719729541906,4.58233543991878
1997-12-01,"1997-1999 comparison window","transfer_function","Transfer function",0.5,"tau = 0.50","fit",4.58127288054224,4.30634711111202,4.99582795843648
1998-01-01,"1997-1999 comparison window","transfer_function","Transfer function",0.5,"tau = 0.50","fit",6.13440188495414,5.86245526434497,6.42870674352439
1998-02-01,"1997-1999 comparison window","transfer_function","Transfer function",0.5,"tau = 0.50","fit",7.39155400884416,7.10778099464274,7.74843562108485
1998-03-01,"1997-1999 comparison window","transfer_function","Transfer function",0.5,"tau = 0.50","fit",5.8680666304155,5.54759941165745,6.11069831389464
1998-04-01,"1997-1999 comparison window","transfer_function","Transfer function",0.5,"tau = 0.50","fit",5.56720612645571,5.26193094273195,5.89528288826624
1998-05-01,"1997-1999 comparison window","transfer_function","Transfer function",0.5,"tau = 0.50","fit",5.15640135038909,4.72289274976015,5.67060177730863
1998-06-01,"1997-1999 comparison window","transfer_function","Transfer function",0.5,"tau = 0.50","fit",4.9259666918786,4.41558943803683,5.23710148890014
1998-07-01,"1997-1999 comparison window","transfer_function","Transfer function",0.5,"tau = 0.50","fit",4.17743390588773,3.7112891829522,4.52606324746724
1998-08-01,"1997-1999 comparison window","transfer_function","Transfer function",0.5,"tau = 0.50","fit",3.74487134555855,3.41667378528339,4.08164111730313
1998-09-01,"1997-1999 comparison window","transfer_function","Transfer function",0.5,"tau = 0.50","fit",3.40248502885436,3.10932669571554,3.75135257996719
1998-10-01,"1997-1999 comparison window","transfer_function","Transfer function",0.5,"tau = 0.50","fit",3.34784235534963,3.13268633125673,3.62944330050216
1998-11-01,"1997-1999 comparison window","transfer_function","Transfer function",0.5,"tau = 0.50","fit",3.85125941597572,3.49823830013696,4.15642055300606
1998-12-01,"1997-1999 comparison window","transfer_function","Transfer function",0.5,"tau = 0.50","fit",4.03297814163805,3.58878572754635,4.55341768263963
1999-01-01,"1997-1999 comparison window","transfer_function","Transfer function",0.5,"tau = 0.50","fit",5.21606500949434,4.9277775826259,5.57089357936413
1999-02-01,"1997-1999 comparison window","transfer_function","Transfer function",0.5,"tau = 0.50","fit",6.12617568263774,5.78261641384427,6.4356553603011
1999-03-01,"1997-1999 comparison window","transfer_function","Transfer function",0.5,"tau = 0.50","fit",5.61427074512731,5.29142833128984,6.01982865086766
1999-04-01,"1997-1999 comparison window","transfer_function","Transfer function",0.5,"tau = 0.50","fit",5.34922005474694,5.00826556794169,5.71402228825084
1999-05-01,"1997-1999 comparison window","transfer_function","Transfer function",0.5,"tau = 0.50","fit",4.45601352931003,4.1947896267881,4.78806948834342
1999-06-01,"1997-1999 comparison window","transfer_function","Transfer function",0.5,"tau = 0.50","fit",3.97068263742296,3.60172529645972,4.34885763301264
1999-07-01,"1997-1999 comparison window","transfer_function","Transfer function",0.5,"tau = 0.50","fit",3.60066053995099,3.21079133550873,3.96489190144689
1999-08-01,"1997-1999 comparison window","transfer_function","Transfer function",0.5,"tau = 0.50","fit",3.28983330535997,2.9335397240787,3.60027610874477
1999-09-01,"1997-1999 comparison window","transfer_function","Transfer function",0.5,"tau = 0.50","fit",3.1058681400004,2.77832732063106,3.42288551593621
1999-10-01,"1997-1999 comparison window","transfer_function","Transfer function",0.5,"tau = 0.50","fit",3.02944998419236,2.68732995335,3.49973514182376
1999-11-01,"1997-1999 comparison window","transfer_function","Transfer function",0.5,"tau = 0.50","fit",3.51292142009161,3.1516170233383,3.79602837422494
1999-12-01,"1997-1999 comparison window","transfer_function","Transfer function",0.5,"tau = 0.50","fit",3.50013395118325,3.14430182204419,3.93378532140497
2012-01-01,"2012-2016 drought window","direct_regression","Direct regression",0.15,"tau = 0.15","fit",3.80765892537016,3.18366285904077,4.2342760625539
2012-02-01,"2012-2016 drought window","direct_regression","Direct regression",0.15,"tau = 0.15","fit",3.50126165289094,3.2085131558712,3.92320163800466
2012-03-01,"2012-2016 drought window","direct_regression","Direct regression",0.15,"tau = 0.15","fit",5.23059678650977,4.80076299760597,5.56131137954855
2012-04-01,"2012-2016 drought window","direct_regression","Direct regression",0.15,"tau = 0.15","fit",4.87941263259959,4.25434811205366,5.30666671483706
2012-05-01,"2012-2016 drought window","direct_regression","Direct regression",0.15,"tau = 0.15","fit",3.75624929411811,3.32304475286505,4.18251142690236
2012-06-01,"2012-2016 drought window","direct_regression","Direct regression",0.15,"tau = 0.15","fit",3.30509925986102,2.91995944175459,3.69620837105405
2012-07-01,"2012-2016 drought window","direct_regression","Direct regression",0.15,"tau = 0.15","fit",2.95434766449079,2.5286522990921,3.38882991641973
2012-08-01,"2012-2016 drought window","direct_regression","Direct regression",0.15,"tau = 0.15","fit",2.6195404993381,2.12647597912862,3.02748995060419
2012-09-01,"2012-2016 drought window","direct_regression","Direct regression",0.15,"tau = 0.15","fit",2.45844257452185,1.95532013796003,2.97644649569853
2012-10-01,"2012-2016 drought window","direct_regression","Direct regression",0.15,"tau = 0.15","fit",2.70128864495802,2.22679462659177,3.1503563260988
2012-11-01,"2012-2016 drought window","direct_regression","Direct regression",0.15,"tau = 0.15","fit",4.00882212546181,3.62945439373226,4.46462161803553
2012-12-01,"2012-2016 drought window","direct_regression","Direct regression",0.15,"tau = 0.15","fit",5.63424678805794,5.19313941922614,6.34562120048529
2013-01-01,"2012-2016 drought window","direct_regression","Direct regression",0.15,"tau = 0.15","fit",4.48250895419222,4.00703099084034,4.84624317739175
2013-02-01,"2012-2016 drought window","direct_regression","Direct regression",0.15,"tau = 0.15","fit",3.73251522945565,3.31580579610578,4.0914338105788
2013-03-01,"2012-2016 drought window","direct_regression","Direct regression",0.15,"tau = 0.15","fit",3.60374274530074,3.23263486315378,4.00003204169437
2013-04-01,"2012-2016 drought window","direct_regression","Direct regression",0.15,"tau = 0.15","fit",3.34038865734897,2.94865147029914,3.84675487715901
2013-05-01,"2012-2016 drought window","direct_regression","Direct regression",0.15,"tau = 0.15","fit",2.90898078648313,2.58284618910766,3.27676273400873
2013-06-01,"2012-2016 drought window","direct_regression","Direct regression",0.15,"tau = 0.15","fit",2.64004282553397,2.11790500051369,3.00394510563497
2013-07-01,"2012-2016 drought window","direct_regression","Direct regression",0.15,"tau = 0.15","fit",2.43579486455036,2.05509889722928,2.9358585835437
2013-08-01,"2012-2016 drought window","direct_regression","Direct regression",0.15,"tau = 0.15","fit",2.39651682513569,1.91844019445591,2.72979819421231
2013-09-01,"2012-2016 drought window","direct_regression","Direct regression",0.15,"tau = 0.15","fit",2.21194420773839,1.70289116935542,2.69101299498907
2013-10-01,"2012-2016 drought window","direct_regression","Direct regression",0.15,"tau = 0.15","fit",2.15719704307719,1.85963237729985,2.51444477150871
2013-11-01,"2012-2016 drought window","direct_regression","Direct regression",0.15,"tau = 0.15","fit",2.33365880234488,1.91085088537136,2.89168939936511
2013-12-01,"2012-2016 drought window","direct_regression","Direct regression",0.15,"tau = 0.15","fit",2.55790929724673,2.16638871212211,3.03950977808352
2014-01-01,"2012-2016 drought window","direct_regression","Direct regression",0.15,"tau = 0.15","fit",2.47345313612231,2.00610597799152,2.68006041088509
2014-02-01,"2012-2016 drought window","direct_regression","Direct regression",0.15,"tau = 0.15","fit",3.58634362407579,3.09508550662244,4.09533292100108
2014-03-01,"2012-2016 drought window","direct_regression","Direct regression",0.15,"tau = 0.15","fit",3.65980482932909,3.34909505955645,3.99039857827847
2014-04-01,"2012-2016 drought window","direct_regression","Direct regression",0.15,"tau = 0.15","fit",3.21679873577504,2.81534974609189,3.56816733514667
2014-05-01,"2012-2016 drought window","direct_regression","Direct regression",0.15,"tau = 0.15","fit",2.45022789773294,2.05609253335274,2.90992916370787
2014-06-01,"2012-2016 drought window","direct_regression","Direct regression",0.15,"tau = 0.15","fit",2.1061423496521,1.67275754145384,2.55242762988493
2014-07-01,"2012-2016 drought window","direct_regression","Direct regression",0.15,"tau = 0.15","fit",1.88457275649055,1.50321695665847,2.3282124655853
2014-08-01,"2012-2016 drought window","direct_regression","Direct regression",0.15,"tau = 0.15","fit",1.79017420631652,1.44539064914945,2.2534852612624
2014-09-01,"2012-2016 drought window","direct_regression","Direct regression",0.15,"tau = 0.15","fit",1.79521626115582,1.31058276008047,2.21587527091572
2014-10-01,"2012-2016 drought window","direct_regression","Direct regression",0.15,"tau = 0.15","fit",1.87511051938789,1.36764670106436,2.25974424636813
2014-11-01,"2012-2016 drought window","direct_regression","Direct regression",0.15,"tau = 0.15","fit",2.65256937312659,2.34662129817628,2.96989768967404
2014-12-01,"2012-2016 drought window","direct_regression","Direct regression",0.15,"tau = 0.15","fit",4.91523551249682,4.00282371210314,5.52922396781977
2015-01-01,"2012-2016 drought window","direct_regression","Direct regression",0.15,"tau = 0.15","fit",3.36608073900001,2.94609469383981,3.95682125681077
2015-02-01,"2012-2016 drought window","direct_regression","Direct regression",0.15,"tau = 0.15","fit",4.32786040834356,3.87069831965979,4.6999803105166
2015-03-01,"2012-2016 drought window","direct_regression","Direct regression",0.15,"tau = 0.15","fit",3.03599026623687,2.53610417124758,3.48427590708309
2015-04-01,"2012-2016 drought window","direct_regression","Direct regression",0.15,"tau = 0.15","fit",3.02281424606749,2.58387130568394,3.52552952895176
2015-05-01,"2012-2016 drought window","direct_regression","Direct regression",0.15,"tau = 0.15","fit",2.51851290267846,1.9511151975346,2.96379467395909
2015-06-01,"2012-2016 drought window","direct_regression","Direct regression",0.15,"tau = 0.15","fit",2.24967621507104,1.81290401404003,2.63006543811473
2015-07-01,"2012-2016 drought window","direct_regression","Direct regression",0.15,"tau = 0.15","fit",1.89172620841838,1.45538459078627,2.29085611623575
2015-08-01,"2012-2016 drought window","direct_regression","Direct regression",0.15,"tau = 0.15","fit",1.74168332720362,1.23217277805566,2.23383920425929
2015-09-01,"2012-2016 drought window","direct_regression","Direct regression",0.15,"tau = 0.15","fit",1.63934689137855,1.05463422403051,2.05600271442977
2015-10-01,"2012-2016 drought window","direct_regression","Direct regression",0.15,"tau = 0.15","fit",1.75590862657588,1.31908819782102,2.15090648814091
2015-11-01,"2012-2016 drought window","direct_regression","Direct regression",0.15,"tau = 0.15","fit",2.29370430187668,1.91175108224647,2.79862387513963
2015-12-01,"2012-2016 drought window","direct_regression","Direct regression",0.15,"tau = 0.15","fit",3.48852387506629,3.01772885452048,3.77712760757855
2016-01-01,"2012-2016 drought window","direct_regression","Direct regression",0.15,"tau = 0.15","fit",5.10232923560651,4.74394376692831,5.5752068583879
2016-02-01,"2012-2016 drought window","direct_regression","Direct regression",0.15,"tau = 0.15","fit",3.91254265779997,3.53851823664752,4.3285836207605
2016-03-01,"2012-2016 drought window","direct_regression","Direct regression",0.15,"tau = 0.15","fit",6.15880750287225,5.55929698421608,6.71151224460099
2016-04-01,"2012-2016 drought window","direct_regression","Direct regression",0.15,"tau = 0.15","fit",4.08249047027986,3.69529545792719,4.42159152145463
2016-05-01,"2012-2016 drought window","direct_regression","Direct regression",0.15,"tau = 0.15","fit",3.52404284434764,3.20593132325357,4.05228398518805
2016-06-01,"2012-2016 drought window","direct_regression","Direct regression",0.15,"tau = 0.15","fit",2.94919029954913,2.54907268581894,3.2983823954953
2016-07-01,"2012-2016 drought window","direct_regression","Direct regression",0.15,"tau = 0.15","fit",2.66878223608666,2.19585486796123,3.13426083624513
2016-08-01,"2012-2016 drought window","direct_regression","Direct regression",0.15,"tau = 0.15","fit",2.43479670324712,2.05811854590205,2.91003913760124
2016-09-01,"2012-2016 drought window","direct_regression","Direct regression",0.15,"tau = 0.15","fit",2.2931366373424,1.80915841308426,2.82091114124528
2016-10-01,"2012-2016 drought window","direct_regression","Direct regression",0.15,"tau = 0.15","fit",3.25359823552959,2.79924791794847,3.7531251944796
2016-11-01,"2012-2016 drought window","direct_regression","Direct regression",0.15,"tau = 0.15","fit",3.44575012398517,3.04253825001601,3.79398737451587
2016-12-01,"2012-2016 drought window","direct_regression","Direct regression",0.15,"tau = 0.15","fit",5.2456277150721,4.88991382711359,5.71204686540516
2012-01-01,"2012-2016 drought window","transfer_function","Transfer function",0.15,"tau = 0.15","fit",3.96325807910508,3.41306848939488,4.37345095279208
2012-02-01,"2012-2016 drought window","transfer_function","Transfer function",0.15,"tau = 0.15","fit",3.40602732380637,2.98567241499191,3.89278669283376
2012-03-01,"2012-2016 drought window","transfer_function","Transfer function",0.15,"tau = 0.15","fit",5.2702958712066,4.60490367524972,5.97091724138141
2012-04-01,"2012-2016 drought window","transfer_function","Transfer function",0.15,"tau = 0.15","fit",4.75856768354632,4.18584383181648,5.46570053045894
2012-05-01,"2012-2016 drought window","transfer_function","Transfer function",0.15,"tau = 0.15","fit",3.73140351998613,3.26373563809464,4.27524636058616
2012-06-01,"2012-2016 drought window","transfer_function","Transfer function",0.15,"tau = 0.15","fit",3.20605720597737,2.77804817087979,3.64176555758636
2012-07-01,"2012-2016 drought window","transfer_function","Transfer function",0.15,"tau = 0.15","fit",2.99446243777054,2.52664754069834,3.36990248307187
2012-08-01,"2012-2016 drought window","transfer_function","Transfer function",0.15,"tau = 0.15","fit",2.51354619393136,2.04742447278367,3.04459123424686
2012-09-01,"2012-2016 drought window","transfer_function","Transfer function",0.15,"tau = 0.15","fit",2.45081886295668,2.02104276036118,2.95876252597217
2012-10-01,"2012-2016 drought window","transfer_function","Transfer function",0.15,"tau = 0.15","fit",2.56081574904733,2.12260175731207,2.95585966851528
2012-11-01,"2012-2016 drought window","transfer_function","Transfer function",0.15,"tau = 0.15","fit",3.94349717004679,3.44532276086072,4.42551766356564
2012-12-01,"2012-2016 drought window","transfer_function","Transfer function",0.15,"tau = 0.15","fit",5.74191086738086,5.19227950597987,6.40740738752071
2013-01-01,"2012-2016 drought window","transfer_function","Transfer function",0.15,"tau = 0.15","fit",4.45179603908586,4.01205109733969,4.9370466318954
2013-02-01,"2012-2016 drought window","transfer_function","Transfer function",0.15,"tau = 0.15","fit",3.69368109649489,3.32684647234555,4.13552392005339
2013-03-01,"2012-2016 drought window","transfer_function","Transfer function",0.15,"tau = 0.15","fit",3.59578571332137,3.14204017047336,4.22090886028867
2013-04-01,"2012-2016 drought window","transfer_function","Transfer function",0.15,"tau = 0.15","fit",3.34053466425348,2.93081817844484,3.88066124497065
2013-05-01,"2012-2016 drought window","transfer_function","Transfer function",0.15,"tau = 0.15","fit",2.83783466153055,2.35702859573582,3.38525820825978
2013-06-01,"2012-2016 drought window","transfer_function","Transfer function",0.15,"tau = 0.15","fit",2.58835716700411,2.18449866921668,3.19190304398132
2013-07-01,"2012-2016 drought window","transfer_function","Transfer function",0.15,"tau = 0.15","fit",2.39969606195051,1.89095471865262,2.82999179407255
2013-08-01,"2012-2016 drought window","transfer_function","Transfer function",0.15,"tau = 0.15","fit",2.35246494014575,1.69061271009526,2.95122340027772
2013-09-01,"2012-2016 drought window","transfer_function","Transfer function",0.15,"tau = 0.15","fit",2.20655668621177,1.71536185358061,2.72648479579486
2013-10-01,"2012-2016 drought window","transfer_function","Transfer function",0.15,"tau = 0.15","fit",2.08048605827912,1.66019239353325,2.55438077224553
2013-11-01,"2012-2016 drought window","transfer_function","Transfer function",0.15,"tau = 0.15","fit",2.44499803179218,1.89875257683114,2.96146945098919
2013-12-01,"2012-2016 drought window","transfer_function","Transfer function",0.15,"tau = 0.15","fit",2.51804835791838,1.98778015221722,2.97564941207686
2014-01-01,"2012-2016 drought window","transfer_function","Transfer function",0.15,"tau = 0.15","fit",2.33822182926136,1.855463318517,2.70542099899901
2014-02-01,"2012-2016 drought window","transfer_function","Transfer function",0.15,"tau = 0.15","fit",3.62227689826967,3.14333822086186,4.2416317002312
2014-03-01,"2012-2016 drought window","transfer_function","Transfer function",0.15,"tau = 0.15","fit",3.5361483187595,3.03883235509237,4.07312162830801
2014-04-01,"2012-2016 drought window","transfer_function","Transfer function",0.15,"tau = 0.15","fit",3.13328655581153,2.49041699947881,3.79787974029048
2014-05-01,"2012-2016 drought window","transfer_function","Transfer function",0.15,"tau = 0.15","fit",2.39853729170887,1.96003059487062,2.86122283457273
2014-06-01,"2012-2016 drought window","transfer_function","Transfer function",0.15,"tau = 0.15","fit",2.16006342750027,1.54011748066389,2.66887244909672
2014-07-01,"2012-2016 drought window","transfer_function","Transfer function",0.15,"tau = 0.15","fit",1.87245135806182,1.11482099115995,2.45057551170845
2014-08-01,"2012-2016 drought window","transfer_function","Transfer function",0.15,"tau = 0.15","fit",1.58425660233466,1.040550865645,2.17918946858284
2014-09-01,"2012-2016 drought window","transfer_function","Transfer function",0.15,"tau = 0.15","fit",1.78456675264871,1.17414085289576,2.38795931315459
2014-10-01,"2012-2016 drought window","transfer_function","Transfer function",0.15,"tau = 0.15","fit",1.77641738688293,1.10612217975632,2.408125612135
2014-11-01,"2012-2016 drought window","transfer_function","Transfer function",0.15,"tau = 0.15","fit",2.55196655161471,2.01281388084635,3.17902740676251
2014-12-01,"2012-2016 drought window","transfer_function","Transfer function",0.15,"tau = 0.15","fit",5.15861936240574,4.4864404576429,5.70979121709887
2015-01-01,"2012-2016 drought window","transfer_function","Transfer function",0.15,"tau = 0.15","fit",3.2839036659491,2.79340777492178,3.7865699833562
2015-02-01,"2012-2016 drought window","transfer_function","Transfer function",0.15,"tau = 0.15","fit",4.31068814366946,3.71974012827286,4.79201604255836
2015-03-01,"2012-2016 drought window","transfer_function","Transfer function",0.15,"tau = 0.15","fit",3.03054485418975,2.486128243105,3.46134866286073
2015-04-01,"2012-2016 drought window","transfer_function","Transfer function",0.15,"tau = 0.15","fit",2.97223379654825,2.35428854131165,3.51828428114693
2015-05-01,"2012-2016 drought window","transfer_function","Transfer function",0.15,"tau = 0.15","fit",2.53364411462167,2.0646001359022,3.06780916379155
2015-06-01,"2012-2016 drought window","transfer_function","Transfer function",0.15,"tau = 0.15","fit",2.17853182262751,1.63296517956707,2.69467564289034
2015-07-01,"2012-2016 drought window","transfer_function","Transfer function",0.15,"tau = 0.15","fit",1.88335126832578,1.36428268581721,2.34588914990015
2015-08-01,"2012-2016 drought window","transfer_function","Transfer function",0.15,"tau = 0.15","fit",1.69233063550682,1.16783611315413,2.17297516993143
2015-09-01,"2012-2016 drought window","transfer_function","Transfer function",0.15,"tau = 0.15","fit",1.62541162719726,1.13821118435884,1.98025030877824
2015-10-01,"2012-2016 drought window","transfer_function","Transfer function",0.15,"tau = 0.15","fit",1.6836403451938,1.18497967116417,2.34083301470592
2015-11-01,"2012-2016 drought window","transfer_function","Transfer function",0.15,"tau = 0.15","fit",2.18239311465069,1.7252022036074,2.50544538415372
2015-12-01,"2012-2016 drought window","transfer_function","Transfer function",0.15,"tau = 0.15","fit",3.4252240465801,2.90068948882657,3.94550861722576
2016-01-01,"2012-2016 drought window","transfer_function","Transfer function",0.15,"tau = 0.15","fit",5.13422241020013,4.65819614927032,5.62413090054996
2016-02-01,"2012-2016 drought window","transfer_function","Transfer function",0.15,"tau = 0.15","fit",3.7619106500024,3.27348469477115,4.33776873481514
2016-03-01,"2012-2016 drought window","transfer_function","Transfer function",0.15,"tau = 0.15","fit",6.19770066038113,5.80102520465617,6.51443250218901
2016-04-01,"2012-2016 drought window","transfer_function","Transfer function",0.15,"tau = 0.15","fit",4.04033269519741,3.6677846040296,4.45972269066472
2016-05-01,"2012-2016 drought window","transfer_function","Transfer function",0.15,"tau = 0.15","fit",3.48809713211923,2.94205434299397,3.96149559403986
2016-06-01,"2012-2016 drought window","transfer_function","Transfer function",0.15,"tau = 0.15","fit",2.95029613367129,2.32545038334473,3.37117799442777
2016-07-01,"2012-2016 drought window","transfer_function","Transfer function",0.15,"tau = 0.15","fit",2.58347492805137,2.1161301750012,3.18728936480641
2016-08-01,"2012-2016 drought window","transfer_function","Transfer function",0.15,"tau = 0.15","fit",2.42899596236374,1.90194897849416,2.98922303357212
2016-09-01,"2012-2016 drought window","transfer_function","Transfer function",0.15,"tau = 0.15","fit",2.26993913231577,1.88239622140789,2.77805355349081
2016-10-01,"2012-2016 drought window","transfer_function","Transfer function",0.15,"tau = 0.15","fit",3.14104081549282,2.69317201692891,3.74761856981411
2016-11-01,"2012-2016 drought window","transfer_function","Transfer function",0.15,"tau = 0.15","fit",3.4131711636855,3.00696759454228,3.81256173792124
2016-12-01,"2012-2016 drought window","transfer_function","Transfer function",0.15,"tau = 0.15","fit",5.27899471429134,4.73414663626531,5.78805888306987
2012-01-01,"2012-2016 drought window","direct_regression","Direct regression",0.5,"tau = 0.50","fit",4.12931825421208,3.82057984985008,4.4407549252369
2012-02-01,"2012-2016 drought window","direct_regression","Direct regression",0.5,"tau = 0.50","fit",3.74164114739637,3.40860261659886,4.09445157801252
2012-03-01,"2012-2016 drought window","direct_regression","Direct regression",0.5,"tau = 0.50","fit",5.6382016043048,5.39811229344427,6.07155383757884
2012-04-01,"2012-2016 drought window","direct_regression","Direct regression",0.5,"tau = 0.50","fit",5.10449500317248,4.83031599879355,5.41602989505877
2012-05-01,"2012-2016 drought window","direct_regression","Direct regression",0.5,"tau = 0.50","fit",3.94171359717549,3.60195902792386,4.32805155610708
2012-06-01,"2012-2016 drought window","direct_regression","Direct regression",0.5,"tau = 0.50","fit",3.49837620726538,3.28428839429376,3.70194459373883
2012-07-01,"2012-2016 drought window","direct_regression","Direct regression",0.5,"tau = 0.50","fit",3.21828547859323,2.95088744822829,3.52386607807237
2012-08-01,"2012-2016 drought window","direct_regression","Direct regression",0.5,"tau = 0.50","fit",2.82951550357556,2.59646714299735,3.08289512522781
2012-09-01,"2012-2016 drought window","direct_regression","Direct regression",0.5,"tau = 0.50","fit",2.72257135294221,2.43339483197896,2.93412033660754
2012-10-01,"2012-2016 drought window","direct_regression","Direct regression",0.5,"tau = 0.50","fit",2.79558953358738,2.41497413173331,3.09162404624667
2012-11-01,"2012-2016 drought window","direct_regression","Direct regression",0.5,"tau = 0.50","fit",4.20930201025592,3.94524992125791,4.5212793564522
2012-12-01,"2012-2016 drought window","direct_regression","Direct regression",0.5,"tau = 0.50","fit",6.12655134679289,5.84226033132764,6.41204526506396
2013-01-01,"2012-2016 drought window","direct_regression","Direct regression",0.5,"tau = 0.50","fit",4.75574339590977,4.49428684041378,4.98983728828854
2013-02-01,"2012-2016 drought window","direct_regression","Direct regression",0.5,"tau = 0.50","fit",3.91845122550811,3.56693021938034,4.17564502059886
2013-03-01,"2012-2016 drought window","direct_regression","Direct regression",0.5,"tau = 0.50","fit",3.80951740506779,3.53919884919792,4.20285557229948
2013-04-01,"2012-2016 drought window","direct_regression","Direct regression",0.5,"tau = 0.50","fit",3.58905110027565,3.2542173470662,3.95137731190352
2013-05-01,"2012-2016 drought window","direct_regression","Direct regression",0.5,"tau = 0.50","fit",3.13029254759159,2.85574416080067,3.40557481216727
2013-06-01,"2012-2016 drought window","direct_regression","Direct regression",0.5,"tau = 0.50","fit",2.84068152312841,2.58425103646502,3.07323959570924
2013-07-01,"2012-2016 drought window","direct_regression","Direct regression",0.5,"tau = 0.50","fit",2.67792033020461,2.347485586753,2.92446116575775
2013-08-01,"2012-2016 drought window","direct_regression","Direct regression",0.5,"tau = 0.50","fit",2.59772585514951,2.32907385116718,2.85675949389334
2013-09-01,"2012-2016 drought window","direct_regression","Direct regression",0.5,"tau = 0.50","fit",2.50075886719381,2.17870974008391,2.83736759603011
2013-10-01,"2012-2016 drought window","direct_regression","Direct regression",0.5,"tau = 0.50","fit",2.39950426572549,2.1052767474922,2.75499746864137
2013-11-01,"2012-2016 drought window","direct_regression","Direct regression",0.5,"tau = 0.50","fit",2.70465761568233,2.36814126868276,3.00458137271472
2013-12-01,"2012-2016 drought window","direct_regression","Direct regression",0.5,"tau = 0.50","fit",2.73145600346892,2.29983824224644,3.08796223417083
2014-01-01,"2012-2016 drought window","direct_regression","Direct regression",0.5,"tau = 0.50","fit",2.66551086600833,2.33632632800179,3.05877894458841
2014-02-01,"2012-2016 drought window","direct_regression","Direct regression",0.5,"tau = 0.50","fit",3.81635703413736,3.55600218551594,4.0493310517304
2014-03-01,"2012-2016 drought window","direct_regression","Direct regression",0.5,"tau = 0.50","fit",3.91801275876337,3.5191669686668,4.29319822395527
2014-04-01,"2012-2016 drought window","direct_regression","Direct regression",0.5,"tau = 0.50","fit",3.38978786147558,3.05102202075994,3.67291762345291
2014-05-01,"2012-2016 drought window","direct_regression","Direct regression",0.5,"tau = 0.50","fit",2.65464106352618,2.26528391777979,2.99409297269725
2014-06-01,"2012-2016 drought window","direct_regression","Direct regression",0.5,"tau = 0.50","fit",2.30916949877938,1.99003381878579,2.65925836024854
2014-07-01,"2012-2016 drought window","direct_regression","Direct regression",0.5,"tau = 0.50","fit",2.18086135473599,1.8375960096492,2.44337625318493
2014-08-01,"2012-2016 drought window","direct_regression","Direct regression",0.5,"tau = 0.50","fit",1.96029440103806,1.65483768514098,2.26062797965923
2014-09-01,"2012-2016 drought window","direct_regression","Direct regression",0.5,"tau = 0.50","fit",2.09624030065694,1.83791629649055,2.40880730451385
2014-10-01,"2012-2016 drought window","direct_regression","Direct regression",0.5,"tau = 0.50","fit",2.06053039415559,1.73582069285904,2.40974513294277
2014-11-01,"2012-2016 drought window","direct_regression","Direct regression",0.5,"tau = 0.50","fit",2.82856595446719,2.4336448207072,3.1176871606641
2014-12-01,"2012-2016 drought window","direct_regression","Direct regression",0.5,"tau = 0.50","fit",5.51697548049577,5.14343261953417,5.85174273711623
2015-01-01,"2012-2016 drought window","direct_regression","Direct regression",0.5,"tau = 0.50","fit",3.52632062956767,3.18879981848848,3.80750463043642
2015-02-01,"2012-2016 drought window","direct_regression","Direct regression",0.5,"tau = 0.50","fit",4.59336244851549,4.25090979435816,5.02625924415399
2015-03-01,"2012-2016 drought window","direct_regression","Direct regression",0.5,"tau = 0.50","fit",3.1808090932955,2.89038317962507,3.45569056970127
2015-04-01,"2012-2016 drought window","direct_regression","Direct regression",0.5,"tau = 0.50","fit",3.29944573339673,2.97632430571294,3.58096037063756
2015-05-01,"2012-2016 drought window","direct_regression","Direct regression",0.5,"tau = 0.50","fit",2.85724059259141,2.55565493375557,3.14595586579905
2015-06-01,"2012-2016 drought window","direct_regression","Direct regression",0.5,"tau = 0.50","fit",2.5061642353374,2.23871264235904,2.82319265017757
2015-07-01,"2012-2016 drought window","direct_regression","Direct regression",0.5,"tau = 0.50","fit",2.14216605216541,1.77282131718669,2.47783702490597
2015-08-01,"2012-2016 drought window","direct_regression","Direct regression",0.5,"tau = 0.50","fit",1.95251256517693,1.6771856581432,2.28169914582675
2015-09-01,"2012-2016 drought window","direct_regression","Direct regression",0.5,"tau = 0.50","fit",1.89861631603332,1.64193546860656,2.1690314351294
2015-10-01,"2012-2016 drought window","direct_regression","Direct regression",0.5,"tau = 0.50","fit",1.90891034011528,1.69173313796977,2.1617103776364
2015-11-01,"2012-2016 drought window","direct_regression","Direct regression",0.5,"tau = 0.50","fit",2.4593997356625,2.17739222280646,2.83558566339744
2015-12-01,"2012-2016 drought window","direct_regression","Direct regression",0.5,"tau = 0.50","fit",3.74907205822468,3.3650347641787,4.04984951895752
2016-01-01,"2012-2016 drought window","direct_regression","Direct regression",0.5,"tau = 0.50","fit",5.45999830165633,5.05996049170176,5.7463042116612
2016-02-01,"2012-2016 drought window","direct_regression","Direct regression",0.5,"tau = 0.50","fit",4.02052565479312,3.72338707487691,4.29185129731525
2016-03-01,"2012-2016 drought window","direct_regression","Direct regression",0.5,"tau = 0.50","fit",6.5488922405507,6.23673487095322,6.89040069221632
2016-04-01,"2012-2016 drought window","direct_regression","Direct regression",0.5,"tau = 0.50","fit",4.32846617197861,3.91973356875591,4.62196221264728
2016-05-01,"2012-2016 drought window","direct_regression","Direct regression",0.5,"tau = 0.50","fit",3.74682550856554,3.42826519167133,4.10748947998051
2016-06-01,"2012-2016 drought window","direct_regression","Direct regression",0.5,"tau = 0.50","fit",3.30331309933555,2.9343486153752,3.66720077478649
2016-07-01,"2012-2016 drought window","direct_regression","Direct regression",0.5,"tau = 0.50","fit",2.86611867994254,2.59906101579021,3.18166583302977
2016-08-01,"2012-2016 drought window","direct_regression","Direct regression",0.5,"tau = 0.50","fit",2.68043224528873,2.41140752881844,3.0159925204336
2016-09-01,"2012-2016 drought window","direct_regression","Direct regression",0.5,"tau = 0.50","fit",2.5321027111255,2.23013756723478,2.87766074320625
2016-10-01,"2012-2016 drought window","direct_regression","Direct regression",0.5,"tau = 0.50","fit",3.59784384435787,3.27666261186263,3.90197148510509
2016-11-01,"2012-2016 drought window","direct_regression","Direct regression",0.5,"tau = 0.50","fit",3.62951146015773,3.31137170322469,3.88425307272305
2016-12-01,"2012-2016 drought window","direct_regression","Direct regression",0.5,"tau = 0.50","fit",5.53726087454826,5.28755933270452,5.98269488407662
2012-01-01,"2012-2016 drought window","transfer_function","Transfer function",0.5,"tau = 0.50","fit",4.12880371347556,3.64049297246925,4.45944618865615
2012-02-01,"2012-2016 drought window","transfer_function","Transfer function",0.5,"tau = 0.50","fit",3.63725782649674,3.3385176059801,3.97446630190412
2012-03-01,"2012-2016 drought window","transfer_function","Transfer function",0.5,"tau = 0.50","fit",5.62530305661988,5.18350764606481,5.98352853562427
2012-04-01,"2012-2016 drought window","transfer_function","Transfer function",0.5,"tau = 0.50","fit",5.09992476707622,4.71762795024814,5.47693345848324
2012-05-01,"2012-2016 drought window","transfer_function","Transfer function",0.5,"tau = 0.50","fit",3.90074428072162,3.61046662873116,4.25366631983281
2012-06-01,"2012-2016 drought window","transfer_function","Transfer function",0.5,"tau = 0.50","fit",3.48168614511405,3.07141370045698,3.95251198704794
2012-07-01,"2012-2016 drought window","transfer_function","Transfer function",0.5,"tau = 0.50","fit",3.18949839192827,2.83798554705807,3.5724266516626
2012-08-01,"2012-2016 drought window","transfer_function","Transfer function",0.5,"tau = 0.50","fit",2.9531208304527,2.64479481822248,3.25810234237241
2012-09-01,"2012-2016 drought window","transfer_function","Transfer function",0.5,"tau = 0.50","fit",2.72687582522188,2.29917294289962,3.14444323673838
2012-10-01,"2012-2016 drought window","transfer_function","Transfer function",0.5,"tau = 0.50","fit",2.78297430188119,2.42950487116589,3.16930344582164
2012-11-01,"2012-2016 drought window","transfer_function","Transfer function",0.5,"tau = 0.50","fit",4.08880932804075,3.64172175729911,4.54469023035245
2012-12-01,"2012-2016 drought window","transfer_function","Transfer function",0.5,"tau = 0.50","fit",6.12330640165243,5.61997772970387,6.49984626015246
2013-01-01,"2012-2016 drought window","transfer_function","Transfer function",0.5,"tau = 0.50","fit",4.72222295577767,4.35096562811102,5.1904018843261
2013-02-01,"2012-2016 drought window","transfer_function","Transfer function",0.5,"tau = 0.50","fit",3.97204964700795,3.60090197463736,4.19452978608956
2013-03-01,"2012-2016 drought window","transfer_function","Transfer function",0.5,"tau = 0.50","fit",3.74626613365647,3.40162902456244,4.18240778510111
2013-04-01,"2012-2016 drought window","transfer_function","Transfer function",0.5,"tau = 0.50","fit",3.59748082327093,3.1784216166571,4.12687269197577
2013-05-01,"2012-2016 drought window","transfer_function","Transfer function",0.5,"tau = 0.50","fit",3.10432859734436,2.71759162587196,3.44968350047456
2013-06-01,"2012-2016 drought window","transfer_function","Transfer function",0.5,"tau = 0.50","fit",2.88788928037977,2.65464615774916,3.20308132879245
2013-07-01,"2012-2016 drought window","transfer_function","Transfer function",0.5,"tau = 0.50","fit",2.59293268641183,2.30058219669018,2.9450989250981
2013-08-01,"2012-2016 drought window","transfer_function","Transfer function",0.5,"tau = 0.50","fit",2.58617534286664,2.27330861689152,3.03327196834246
2013-09-01,"2012-2016 drought window","transfer_function","Transfer function",0.5,"tau = 0.50","fit",2.52957655167954,2.14560926751543,2.9301781144193
2013-10-01,"2012-2016 drought window","transfer_function","Transfer function",0.5,"tau = 0.50","fit",2.42810285654065,2.16677109255507,2.66331143569109
2013-11-01,"2012-2016 drought window","transfer_function","Transfer function",0.5,"tau = 0.50","fit",2.69167417198575,2.43192596538613,3.08973097192061
2013-12-01,"2012-2016 drought window","transfer_function","Transfer function",0.5,"tau = 0.50","fit",2.76645794051353,2.34603834264694,3.15427521336257
2014-01-01,"2012-2016 drought window","transfer_function","Transfer function",0.5,"tau = 0.50","fit",2.54571410782299,2.19472393940508,3.0009810970296
2014-02-01,"2012-2016 drought window","transfer_function","Transfer function",0.5,"tau = 0.50","fit",3.95901904186534,3.54013368661344,4.3100301576359
2014-03-01,"2012-2016 drought window","transfer_function","Transfer function",0.5,"tau = 0.50","fit",3.91692809740822,3.52823462454649,4.31545769521098
2014-04-01,"2012-2016 drought window","transfer_function","Transfer function",0.5,"tau = 0.50","fit",3.35844413398721,2.99390094852625,3.65510348974113
2014-05-01,"2012-2016 drought window","transfer_function","Transfer function",0.5,"tau = 0.50","fit",2.67357892791492,2.29445120154342,3.01493592923742
2014-06-01,"2012-2016 drought window","transfer_function","Transfer function",0.5,"tau = 0.50","fit",2.30470088116157,1.91923880736683,2.52445991628171
2014-07-01,"2012-2016 drought window","transfer_function","Transfer function",0.5,"tau = 0.50","fit",2.12238384790557,1.79791956048141,2.41614146362639
2014-08-01,"2012-2016 drought window","transfer_function","Transfer function",0.5,"tau = 0.50","fit",1.97396809499373,1.67139734395529,2.24979615201327
2014-09-01,"2012-2016 drought window","transfer_function","Transfer function",0.5,"tau = 0.50","fit",1.99153441328088,1.58264964254405,2.26154265761787
2014-10-01,"2012-2016 drought window","transfer_function","Transfer function",0.5,"tau = 0.50","fit",2.10753165803634,1.72216912760343,2.44597436689054
2014-11-01,"2012-2016 drought window","transfer_function","Transfer function",0.5,"tau = 0.50","fit",2.81591138855835,2.26092611472246,3.16065308732558
2014-12-01,"2012-2016 drought window","transfer_function","Transfer function",0.5,"tau = 0.50","fit",5.60568256281515,5.2628020710532,6.08837076599891
2015-01-01,"2012-2016 drought window","transfer_function","Transfer function",0.5,"tau = 0.50","fit",3.45911895565039,3.01638547940646,3.87156975475164
2015-02-01,"2012-2016 drought window","transfer_function","Transfer function",0.5,"tau = 0.50","fit",4.64695818488467,4.37598561767878,4.97206120285371
2015-03-01,"2012-2016 drought window","transfer_function","Transfer function",0.5,"tau = 0.50","fit",3.21243150771715,2.82550299356904,3.55981278858529
2015-04-01,"2012-2016 drought window","transfer_function","Transfer function",0.5,"tau = 0.50","fit",3.19864711643195,2.67228089803306,3.51601474476203
2015-05-01,"2012-2016 drought window","transfer_function","Transfer function",0.5,"tau = 0.50","fit",2.893979930261,2.53700296421418,3.34711123149574
2015-06-01,"2012-2016 drought window","transfer_function","Transfer function",0.5,"tau = 0.50","fit",2.53905817416267,2.17660983992526,2.92242257658931
2015-07-01,"2012-2016 drought window","transfer_function","Transfer function",0.5,"tau = 0.50","fit",2.15283107184832,1.74168535168216,2.56106839772548
2015-08-01,"2012-2016 drought window","transfer_function","Transfer function",0.5,"tau = 0.50","fit",1.93476987785819,1.56896633973911,2.30759323741605
2015-09-01,"2012-2016 drought window","transfer_function","Transfer function",0.5,"tau = 0.50","fit",1.91824625523744,1.51728895649268,2.26371869592615
2015-10-01,"2012-2016 drought window","transfer_function","Transfer function",0.5,"tau = 0.50","fit",1.91892379979462,1.59122282107288,2.15488566951061
2015-11-01,"2012-2016 drought window","transfer_function","Transfer function",0.5,"tau = 0.50","fit",2.480792891737,2.15526645307536,2.91027798097844
2015-12-01,"2012-2016 drought window","transfer_function","Transfer function",0.5,"tau = 0.50","fit",3.76003229320366,3.40448563852728,4.18623389228545
2016-01-01,"2012-2016 drought window","transfer_function","Transfer function",0.5,"tau = 0.50","fit",5.43837765515451,5.18679352601173,5.78116976658928
2016-02-01,"2012-2016 drought window","transfer_function","Transfer function",0.5,"tau = 0.50","fit",4.02134447506998,3.58408491727156,4.53893122960559
2016-03-01,"2012-2016 drought window","transfer_function","Transfer function",0.5,"tau = 0.50","fit",6.57902486630571,6.25939096566437,6.94346910903634
2016-04-01,"2012-2016 drought window","transfer_function","Transfer function",0.5,"tau = 0.50","fit",4.40702001902615,4.08683728517644,4.75744938039657
2016-05-01,"2012-2016 drought window","transfer_function","Transfer function",0.5,"tau = 0.50","fit",3.6849019098848,3.42188698368033,4.06866775329615
2016-06-01,"2012-2016 drought window","transfer_function","Transfer function",0.5,"tau = 0.50","fit",3.20964514218323,2.91077239422941,3.57095251018434
2016-07-01,"2012-2016 drought window","transfer_function","Transfer function",0.5,"tau = 0.50","fit",2.88022330494838,2.45427325246098,3.20197004256279
2016-08-01,"2012-2016 drought window","transfer_function","Transfer function",0.5,"tau = 0.50","fit",2.66290891218651,2.27696030481222,3.05901108644531
2016-09-01,"2012-2016 drought window","transfer_function","Transfer function",0.5,"tau = 0.50","fit",2.52881087964763,2.23244292491288,2.89904652168806
2016-10-01,"2012-2016 drought window","transfer_function","Transfer function",0.5,"tau = 0.50","fit",3.52841684631173,3.14778096744315,4.01622395009215
2016-11-01,"2012-2016 drought window","transfer_function","Transfer function",0.5,"tau = 0.50","fit",3.64188311164113,3.3167812357236,4.04483656705316
2016-12-01,"2012-2016 drought window","transfer_function","Transfer function",0.5,"tau = 0.50","fit",5.48353803105812,5.19387649674472,5.79610320258016
